{
  "tenure_months": {
    "mean": 32.37114865824223,
    "std": 24.55948102309446
  },
  "monthly_charges": {
    "mean": 64.76169246059918,
    "std": 30.090047097678493
  }
}